city_slug,city_name,month_key,month_num,avg_max_temp,avg_min_temp,avg_temp,rainy_days,rainy_ratio,comfortable_days_ratio,temp_std,avg_wind_speed_kmh,source_type,source_name,crawl_time
beijing,北京,2024-01,1,2.083870967741935,-6.429032258064517,-2.174193548387097,0,0.0,0.0,2.0174187702665147,16.177419354838708,history_monthly,open-meteo archive,2026-04-08T22:46:44
beijing,北京,2024-02,2,5.279310344827586,-4.503448275862069,0.39655172413793105,4,0.13793103448275862,0.0,2.8088486149794405,16.324137931034482,history_monthly,open-meteo archive,2026-04-08T22:46:44
beijing,北京,2024-03,3,14.993548387096775,0.6774193548387096,7.829032258064516,6,0.1935483870967742,0.0,4.17845214949165,20.635483870967743,history_monthly,open-meteo archive,2026-04-08T22:46:44
beijing,北京,2024-04,4,22.903333333333332,9.853333333333333,16.37666666666667,13,0.43333333333333335,0.3,3.0577976448387822,20.126666666666665,history_monthly,open-meteo archive,2026-04-08T22:46:44
beijing,北京,2024-05,5,28.338709677419356,14.845161290322581,21.596774193548388,8,0.25806451612903225,0.8064516129032258,2.924321445049858,23.55483870967742,history_monthly,open-meteo archive,2026-04-08T22:46:44
beijing,北京,2024-06,6,34.01,20.67,27.34333333333333,8,0.26666666666666666,0.3,2.5095243859500855,20.473333333333336,history_monthly,open-meteo archive,2026-04-08T22:46:44
beijing,北京,2024-07,7,32.15483870967742,22.983870967741936,27.567741935483873,24,0.7741935483870968,0.1935483870967742,2.6017157283575023,16.49032258064516,history_monthly,open-meteo archive,2026-04-08T22:46:44
beijing,北京,2024-08,8,30.26774193548387,22.293548387096774,26.29032258064516,19,0.6129032258064516,0.3548387096774194,1.6106633910099846,14.85483870967742,history_monthly,open-meteo archive,2026-04-08T22:46:44
beijing,北京,2024-09,9,25.566666666666666,16.506666666666668,21.026666666666664,11,0.36666666666666664,0.8,2.509833533885482,15.903333333333334,history_monthly,open-meteo archive,2026-04-08T22:46:44
beijing,北京,2024-10,10,18.183870967741935,8.09032258064516,13.138709677419355,9,0.2903225806451613,0.0,2.9890553044236605,14.825806451612904,history_monthly,open-meteo archive,2026-04-08T22:46:44
beijing,北京,2024-11,11,12.29,3.49,7.8966666666666665,5,0.16666666666666666,0.0,3.7572443435942873,12.42,history_monthly,open-meteo archive,2026-04-08T22:46:44
beijing,北京,2024-12,12,3.7806451612903227,-3.193548387096774,0.2838709677419355,0,0.0,0.0,2.1695002149794083,13.14516129032258,history_monthly,open-meteo archive,2026-04-08T22:46:44
beijing,北京,2025-01,1,2.8225806451612905,-4.619354838709677,-0.8999999999999999,4,0.12903225806451613,0.0,2.4891765706755313,11.483870967741936,history_monthly,open-meteo archive,2026-04-08T22:46:44
beijing,北京,2025-02,2,4.9071428571428575,-4.692857142857143,0.1142857142857143,0,0.0,0.0,4.03812518707073,14.028571428571428,history_monthly,open-meteo archive,2026-04-08T22:46:44
beijing,北京,2025-03,3,15.441935483870967,4.074193548387097,9.758064516129032,7,0.22580645161290322,0.0967741935483871,4.971302592114625,15.903225806451612,history_monthly,open-meteo archive,2026-04-08T22:46:44
beijing,北京,2025-04,4,23.64,11.07,17.346666666666668,4,0.13333333333333333,0.4,3.4001757899112874,18.740000000000002,history_monthly,open-meteo archive,2026-04-08T22:46:44
beijing,北京,2025-05,5,26.59032258064516,15.535483870967743,21.05806451612903,11,0.3548387096774194,0.6774193548387096,3.527584082961822,15.219354838709679,history_monthly,open-meteo archive,2026-04-08T22:46:44
beijing,北京,2025-06,6,33.36666666666667,22.596666666666668,27.986666666666668,10,0.3333333333333333,0.26666666666666666,3.12969463458452,13.79,history_monthly,open-meteo archive,2026-04-08T22:46:44
beijing,北京,2025-07,7,32.60322580645161,24.516129032258064,28.551612903225806,25,0.8064516129032258,0.03225806451612903,1.689747706560941,10.22258064516129,history_monthly,open-meteo archive,2026-04-08T22:46:44
beijing,北京,2025-08,8,30.003225806451614,22.82903225806452,26.406451612903226,23,0.7419354838709677,0.3548387096774194,1.6871940184560785,9.558064516129033,history_monthly,open-meteo archive,2026-04-08T22:46:44
beijing,北京,2025-09,9,27.95,18.73,23.34,9,0.3,0.8333333333333334,2.250609112953721,11.433333333333334,history_monthly,open-meteo archive,2026-04-08T22:46:44
beijing,北京,2025-10,10,16.30322580645161,9.161290322580646,12.72258064516129,11,0.3548387096774194,0.1935483870967742,5.17814057215003,9.53225806451613,history_monthly,open-meteo archive,2026-04-08T22:46:44
beijing,北京,2025-11,11,11.886666666666667,2.5433333333333334,7.216666666666667,4,0.13333333333333333,0.0,3.0606606604066573,13.06,history_monthly,open-meteo archive,2026-04-08T22:46:44
beijing,北京,2025-12,12,3.161290322580645,-4.548387096774194,-0.7,3,0.0967741935483871,0.0,2.1768478740294794,12.203225806451613,history_monthly,open-meteo archive,2026-04-08T22:46:44
beijing,北京,2026-01,1,1.0580645161290323,-7.351612903225806,-3.138709677419355,2,0.06451612903225806,0.0,2.8735201895184055,11.716129032258063,history_monthly,open-meteo archive,2026-04-08T22:46:44
beijing,北京,2026-02,2,7.7,-2.310714285714286,2.6999999999999997,3,0.10714285714285714,0.0,3.9206008609792344,12.807142857142859,history_monthly,open-meteo archive,2026-04-08T22:46:44
beijing,北京,2026-03,3,13.887096774193548,3.7193548387096773,8.812903225806451,7,0.22580645161290322,0.03225806451612903,5.151229104817857,12.13225806451613,history_monthly,open-meteo archive,2026-04-08T22:46:44
chengdu,成都,2024-01,1,11.793548387096775,4.287096774193548,8.029032258064516,16,0.5161290322580645,0.0,3.2023109934740477,11.206451612903225,history_monthly,open-meteo archive,2026-04-08T22:46:44
chengdu,成都,2024-02,2,12.89655172413793,4.003448275862069,8.448275862068966,13,0.4482758620689655,0.0,2.9304583612289306,12.831034482758621,history_monthly,open-meteo archive,2026-04-08T22:46:44
chengdu,成都,2024-03,3,19.951612903225808,9.848387096774195,14.896774193548387,22,0.7096774193548387,0.1935483870967742,3.701754887524543,14.125806451612902,history_monthly,open-meteo archive,2026-04-08T22:46:44
chengdu,成都,2024-04,4,25.013333333333332,15.543333333333333,20.276666666666664,26,0.8666666666666667,0.8666666666666667,2.528415523103603,13.036666666666667,history_monthly,open-meteo archive,2026-04-08T22:46:44
chengdu,成都,2024-05,5,28.716129032258067,18.59032258064516,23.661290322580644,19,0.6129032258064516,0.7096774193548387,3.777272156760293,13.212903225806452,history_monthly,open-meteo archive,2026-04-08T22:46:44
chengdu,成都,2024-06,6,30.456666666666667,21.40666666666667,25.926666666666666,20,0.6666666666666666,0.4666666666666667,2.3360640835171558,12.22,history_monthly,open-meteo archive,2026-04-08T22:46:44
chengdu,成都,2024-07,7,30.603225806451615,23.490322580645163,27.048387096774192,27,0.8709677419354839,0.1935483870967742,0.9215461528474621,13.187096774193549,history_monthly,open-meteo archive,2026-04-08T22:46:44
chengdu,成都,2024-08,8,34.49677419354839,24.55806451612903,29.538709677419355,19,0.6129032258064516,0.0,2.142689496770328,13.458064516129031,history_monthly,open-meteo archive,2026-04-08T22:46:44
chengdu,成都,2024-09,9,31.116666666666667,22.543333333333333,26.833333333333332,25,0.8333333333333334,0.3,2.2103726216266737,15.479999999999999,history_monthly,open-meteo archive,2026-04-08T22:46:44
chengdu,成都,2024-10,10,21.703225806451613,15.422580645161291,18.56451612903226,25,0.8064516129032258,0.6451612903225806,1.2786837990936286,10.325806451612904,history_monthly,open-meteo archive,2026-04-08T22:46:44
chengdu,成都,2024-11,11,16.986666666666668,10.84,13.903333333333334,14,0.4666666666666667,0.03333333333333333,3.1348412854652565,9.296666666666665,history_monthly,open-meteo archive,2026-04-08T22:46:44
chengdu,成都,2024-12,12,10.661290322580646,4.925806451612903,7.796774193548386,13,0.41935483870967744,0.0,1.893230725676393,8.667741935483871,history_monthly,open-meteo archive,2026-04-08T22:46:44
chengdu,成都,2025-01,1,11.516129032258064,3.803225806451613,7.661290322580645,16,0.5161290322580645,0.0,1.668268047877766,9.416129032258064,history_monthly,open-meteo archive,2026-04-08T22:46:44
chengdu,成都,2025-02,2,11.142857142857142,5.432142857142857,8.292857142857143,22,0.7857142857142857,0.0,1.4565124686828372,9.892857142857142,history_monthly,open-meteo archive,2026-04-08T22:46:44
chengdu,成都,2025-03,3,16.26451612903226,7.996774193548387,12.125806451612902,23,0.7419354838709677,0.0967741935483871,3.7331816405434015,10.787096774193548,history_monthly,open-meteo archive,2026-04-08T22:46:44
chengdu,成都,2025-04,4,25.73,14.926666666666668,20.33,20,0.6666666666666666,0.6333333333333333,4.1732440040382714,11.513333333333332,history_monthly,open-meteo archive,2026-04-08T22:46:44
chengdu,成都,2025-05,5,29.703225806451613,19.283870967741933,24.48709677419355,13,0.41935483870967744,0.7096774193548387,2.7543592038178146,13.40967741935484,history_monthly,open-meteo archive,2026-04-08T22:46:44
chengdu,成都,2025-06,6,31.990000000000002,22.7,27.34333333333333,18,0.6,0.43333333333333335,3.4194860809003536,11.723333333333333,history_monthly,open-meteo archive,2026-04-08T22:46:44
chengdu,成都,2025-07,7,31.948387096774194,23.81935483870968,27.88064516129032,26,0.8387096774193549,0.22580645161290322,2.318249246714528,10.3,history_monthly,open-meteo archive,2026-04-08T22:46:44
chengdu,成都,2025-08,8,31.451612903225808,23.858064516129033,27.651612903225807,26,0.8387096774193549,0.1935483870967742,3.221683924879651,10.870967741935484,history_monthly,open-meteo archive,2026-04-08T22:46:44
chengdu,成都,2025-09,9,26.990000000000002,20.529999999999998,23.753333333333334,28,0.9333333333333333,0.9,1.606180591326526,10.233333333333333,history_monthly,open-meteo archive,2026-04-08T22:46:44
chengdu,成都,2025-10,10,21.52258064516129,16.780645161290323,19.148387096774194,27,0.8709677419354839,0.6129032258064516,3.598691518477417,10.46774193548387,history_monthly,open-meteo archive,2026-04-08T22:46:44
chengdu,成都,2025-11,11,16.01,9.91,12.96,15,0.5,0.0,2.659867769593845,8.466666666666667,history_monthly,open-meteo archive,2026-04-08T22:46:44
chengdu,成都,2025-12,12,12.903225806451612,6.032258064516129,9.464516129032257,9,0.2903225806451613,0.0,1.419753121049988,8.716129032258063,history_monthly,open-meteo archive,2026-04-08T22:46:44
chengdu,成都,2026-01,1,11.387096774193548,3.0580645161290323,7.22258064516129,8,0.25806451612903225,0.0,2.0558387870354933,9.141935483870967,history_monthly,open-meteo archive,2026-04-08T22:46:44
chengdu,成都,2026-02,2,17.04285714285714,7.664285714285714,12.346428571428572,12,0.42857142857142855,0.0,3.620976146561624,10.742857142857144,history_monthly,open-meteo archive,2026-04-08T22:46:44
chengdu,成都,2026-03,3,18.23225806451613,11.22258064516129,14.72258064516129,26,0.8387096774193549,0.0,2.1717442571075374,10.929032258064517,history_monthly,open-meteo archive,2026-04-08T22:46:44
chongqing,重庆,2024-01,1,12.716129032258063,7.151612903225806,9.938709677419356,17,0.5483870967741935,0.0,2.8981232340205785,8.529032258064515,history_monthly,open-meteo archive,2026-04-08T22:46:44
chongqing,重庆,2024-02,2,13.751724137931035,6.403448275862068,10.086206896551724,16,0.5517241379310345,0.0,2.9004586014149845,11.196551724137931,history_monthly,open-meteo archive,2026-04-08T22:46:44
chongqing,重庆,2024-03,3,20.032258064516128,11.774193548387096,15.906451612903227,20,0.6451612903225806,0.2903225806451613,3.345238953485083,12.416129032258064,history_monthly,open-meteo archive,2026-04-08T22:46:44
chongqing,重庆,2024-04,4,24.646666666666665,17.296666666666667,20.986666666666668,28,0.9333333333333333,0.9,2.2962838544548205,11.823333333333332,history_monthly,open-meteo archive,2026-04-08T22:46:44
chongqing,重庆,2024-05,5,26.919354838709676,19.177419354838708,23.038709677419355,23,0.7419354838709677,0.8064516129032258,2.921264271892662,10.95483870967742,history_monthly,open-meteo archive,2026-04-08T22:46:44
chongqing,重庆,2024-06,6,28.12,21.966666666666665,25.043333333333333,22,0.7333333333333333,0.5666666666666667,2.043101653813656,9.389999999999999,history_monthly,open-meteo archive,2026-04-08T22:46:44
chongqing,重庆,2024-07,7,32.97096774193548,25.80322580645161,29.393548387096775,18,0.5806451612903226,0.03225806451612903,1.9541298974003687,13.412903225806453,history_monthly,open-meteo archive,2026-04-08T22:46:44
chongqing,重庆,2024-08,8,36.438709677419354,27.048387096774192,31.75483870967742,13,0.41935483870967744,0.0,2.3861878536943175,12.829032258064515,history_monthly,open-meteo archive,2026-04-08T22:46:44
chongqing,重庆,2024-09,9,35.93333333333333,26.186666666666667,31.06,16,0.5333333333333333,0.03333333333333333,2.9267611850786124,14.97,history_monthly,open-meteo archive,2026-04-08T22:46:44
chongqing,重庆,2024-10,10,22.461290322580645,16.700000000000003,19.583870967741937,20,0.6451612903225806,0.9354838709677419,1.1027531528538153,9.461290322580645,history_monthly,open-meteo archive,2026-04-08T22:46:44
chongqing,重庆,2024-11,11,17.583333333333332,13.213333333333333,15.386666666666667,23,0.7666666666666667,0.36666666666666664,3.2495870648367022,8.383333333333333,history_monthly,open-meteo archive,2026-04-08T22:46:44
chongqing,重庆,2024-12,12,11.51290322580645,6.887096774193548,9.206451612903225,16,0.5161290322580645,0.0,1.5618227564549843,7.161290322580645,history_monthly,open-meteo archive,2026-04-08T22:46:44
chongqing,重庆,2025-01,1,12.148387096774194,6.219354838709678,9.19032258064516,19,0.6129032258064516,0.0,1.2739321904271246,8.519354838709678,history_monthly,open-meteo archive,2026-04-08T22:46:44
chongqing,重庆,2025-02,2,12.660714285714286,6.953571428571428,9.810714285714285,18,0.6428571428571429,0.0,1.4150878223536314,8.335714285714285,history_monthly,open-meteo archive,2026-04-08T22:46:44
chongqing,重庆,2025-03,3,16.990322580645163,9.706451612903225,13.345161290322581,22,0.7096774193548387,0.0967741935483871,3.2306695600837316,8.98709677419355,history_monthly,open-meteo archive,2026-04-08T22:46:44
chongqing,重庆,2025-04,4,24.55666666666667,15.860000000000001,20.196666666666665,20,0.6666666666666666,0.7333333333333333,3.313138249073116,9.870000000000001,history_monthly,open-meteo archive,2026-04-08T22:46:44
chongqing,重庆,2025-05,5,27.567741935483873,19.53548387096774,23.541935483870965,21,0.6774193548387096,0.9032258064516129,2.1064621514992665,9.19032258064516,history_monthly,open-meteo archive,2026-04-08T22:46:44
chongqing,重庆,2025-06,6,30.503333333333334,22.61,26.563333333333333,21,0.7,0.4,2.3779857215622697,9.456666666666667,history_monthly,open-meteo archive,2026-04-08T22:46:44
chongqing,重庆,2025-07,7,35.08709677419355,26.225806451612904,30.661290322580644,21,0.6774193548387096,0.03225806451612903,2.5208037632674287,10.348387096774195,history_monthly,open-meteo archive,2026-04-08T22:46:44
chongqing,重庆,2025-08,8,36.02903225806452,26.858064516129033,31.438709677419357,22,0.7096774193548387,0.06451612903225806,2.917610599943596,12.438709677419356,history_monthly,open-meteo archive,2026-04-08T22:46:44
chongqing,重庆,2025-09,9,30.483333333333334,23.153333333333332,26.823333333333334,24,0.8,0.43333333333333335,3.0320908153687722,9.870000000000001,history_monthly,open-meteo archive,2026-04-08T22:46:44
chongqing,重庆,2025-10,10,24.774193548387096,18.9,21.848387096774193,26,0.8387096774193549,0.3870967741935484,4.885070519295969,9.580645161290322,history_monthly,open-meteo archive,2026-04-08T22:46:44
chongqing,重庆,2025-11,11,16.783333333333335,11.75,14.273333333333333,20,0.6666666666666666,0.0,2.63189106437038,7.45,history_monthly,open-meteo archive,2026-04-08T22:46:44
chongqing,重庆,2025-12,12,13.448387096774193,9.13225806451613,11.290322580645162,19,0.6129032258064516,0.0,1.1883755968294638,7.867741935483871,history_monthly,open-meteo archive,2026-04-08T22:46:44
chongqing,重庆,2026-01,1,11.790322580645162,5.548387096774194,8.66451612903226,13,0.41935483870967744,0.0,1.757943568888902,8.296774193548387,history_monthly,open-meteo archive,2026-04-08T22:46:44
chongqing,重庆,2026-02,2,16.617857142857144,9.557142857142859,13.096428571428572,10,0.35714285714285715,0.03571428571428571,2.7631814919892546,9.078571428571427,history_monthly,open-meteo archive,2026-04-08T22:46:44
chongqing,重庆,2026-03,3,18.312903225806455,12.390322580645162,15.35483870967742,24,0.7741935483870968,0.06451612903225806,2.0180582597598486,9.338709677419354,history_monthly,open-meteo archive,2026-04-08T22:46:44
hangzhou,杭州,2024-01,1,11.62258064516129,0.7580645161290323,6.199999999999999,13,0.41935483870967744,0.0,3.9473197657820083,14.425806451612903,history_monthly,open-meteo archive,2026-04-08T22:46:44
hangzhou,杭州,2024-02,2,10.775862068965518,2.393103448275862,6.572413793103448,21,0.7241379310344828,0.0,4.746645172549626,16.417241379310347,history_monthly,open-meteo archive,2026-04-08T22:46:44
hangzhou,杭州,2024-03,3,18.532258064516128,7.148387096774194,12.83548387096774,16,0.5161290322580645,0.1935483870967742,4.776229223079421,16.029032258064515,history_monthly,open-meteo archive,2026-04-08T22:46:44
hangzhou,杭州,2024-04,4,22.40666666666667,14.266666666666667,18.34333333333333,27,0.9,0.6,2.9422819355911063,15.08,history_monthly,open-meteo archive,2026-04-08T22:46:44
hangzhou,杭州,2024-05,5,26.083870967741937,15.951612903225806,21.016129032258064,16,0.5161290322580645,0.7741935483870968,2.8593818416100043,14.816129032258065,history_monthly,open-meteo archive,2026-04-08T22:46:44
hangzhou,杭州,2024-06,6,27.616666666666667,20.933333333333334,24.283333333333335,24,0.8,0.7333333333333333,2.4417465955298496,13.103333333333333,history_monthly,open-meteo archive,2026-04-08T22:46:44
hangzhou,杭州,2024-07,7,35.68387096774194,27.07741935483871,31.383870967741935,14,0.45161290322580644,0.0,1.9558624311189077,18.18064516129032,history_monthly,open-meteo archive,2026-04-08T22:46:44
hangzhou,杭州,2024-08,8,37.093548387096774,27.15806451612903,32.12903225806452,22,0.7096774193548387,0.0,2.5436448321764717,14.64516129032258,history_monthly,open-meteo archive,2026-04-08T22:46:44
hangzhou,杭州,2024-09,9,30.939999999999998,23.833333333333332,27.383333333333333,24,0.8,0.3333333333333333,3.004374205690112,16.56,history_monthly,open-meteo archive,2026-04-08T22:46:44
hangzhou,杭州,2024-10,10,22.79032258064516,15.535483870967743,19.14516129032258,19,0.6129032258064516,0.7419354838709677,2.492634310614298,17.251612903225805,history_monthly,open-meteo archive,2026-04-08T22:46:44
hangzhou,杭州,2024-11,11,18.52,10.67,14.586666666666668,11,0.36666666666666664,0.13333333333333333,3.3397019620622284,14.453333333333335,history_monthly,open-meteo archive,2026-04-08T22:46:44
hangzhou,杭州,2024-12,12,11.235483870967743,2.967741935483871,7.1,8,0.25806451612903225,0.0,2.8061836480648714,10.951612903225806,history_monthly,open-meteo archive,2026-04-08T22:46:44
hangzhou,杭州,2025-01,1,12.7,1.5193548387096774,7.103225806451612,4,0.12903225806451613,0.0,3.0143527631392386,12.174193548387098,history_monthly,open-meteo archive,2026-04-08T22:46:44
hangzhou,杭州,2025-02,2,11.25357142857143,2.625,6.942857142857143,16,0.5714285714285714,0.0,3.5217239645576544,13.082142857142857,history_monthly,open-meteo archive,2026-04-08T22:46:44
hangzhou,杭州,2025-03,3,18.287096774193547,7.716129032258064,12.983870967741936,14,0.45161290322580644,0.25806451612903225,5.906894094992932,15.061290322580644,history_monthly,open-meteo archive,2026-04-08T22:46:44
hangzhou,杭州,2025-04,4,26.993333333333332,14.283333333333333,20.64333333333333,14,0.4666666666666667,0.7,3.8062275045104634,15.033333333333333,history_monthly,open-meteo archive,2026-04-08T22:46:44
hangzhou,杭州,2025-05,5,28.603225806451615,18.567741935483873,23.596774193548388,16,0.5161290322580645,0.7741935483870968,2.431938029770735,15.196774193548388,history_monthly,open-meteo archive,2026-04-08T22:46:44
hangzhou,杭州,2025-06,6,30.13,22.28666666666667,26.209999999999997,25,0.8333333333333334,0.5333333333333333,2.6167036383653546,12.270000000000001,history_monthly,open-meteo archive,2026-04-08T22:46:44
hangzhou,杭州,2025-07,7,33.74516129032258,25.716129032258067,29.716129032258067,25,0.8064516129032258,0.03225806451612903,2.1989538079419417,16.45806451612903,history_monthly,open-meteo archive,2026-04-08T22:46:44
hangzhou,杭州,2025-08,8,37.21612903225807,27.08709677419355,32.15161290322581,22,0.7096774193548387,0.0,1.1963474879097458,13.83548387096774,history_monthly,open-meteo archive,2026-04-08T22:46:44
hangzhou,杭州,2025-09,9,32.82,24.456666666666667,28.626666666666665,27,0.9,0.06666666666666667,2.1061377191328257,11.74,history_monthly,open-meteo archive,2026-04-08T22:46:44
hangzhou,杭州,2025-10,10,26.84193548387097,19.338709677419356,23.09032258064516,19,0.6129032258064516,0.1935483870967742,6.033758079268655,13.72258064516129,history_monthly,open-meteo archive,2026-04-08T22:46:44
hangzhou,杭州,2025-11,11,18.046666666666667,9.183333333333334,13.610000000000001,10,0.3333333333333333,0.1,3.5603515905421297,11.576666666666666,history_monthly,open-meteo archive,2026-04-08T22:46:44
hangzhou,杭州,2025-12,12,14.651612903225805,4.590322580645162,9.625806451612902,7,0.22580645161290322,0.0,3.332263269104597,12.396774193548387,history_monthly,open-meteo archive,2026-04-08T22:46:44
hangzhou,杭州,2026-01,1,11.154838709677419,1.5838709677419356,6.364516129032259,11,0.3548387096774194,0.0,3.923310539760758,13.154838709677419,history_monthly,open-meteo archive,2026-04-08T22:46:44
hangzhou,杭州,2026-02,2,14.0,4.639285714285714,9.321428571428571,15,0.5357142857142857,0.0,4.126818983264825,12.367857142857144,history_monthly,open-meteo archive,2026-04-08T22:46:44
hangzhou,杭州,2026-03,3,16.835483870967742,8.464516129032257,12.661290322580646,18,0.5806451612903226,0.06451612903225806,3.010501333593774,13.329032258064515,history_monthly,open-meteo archive,2026-04-08T22:46:44
nanjing,南京,2024-01,1,8.648387096774194,-0.3645161290322581,4.141935483870968,8,0.25806451612903225,0.0,3.319816681038115,14.829032258064515,history_monthly,open-meteo archive,2026-04-08T22:46:44
nanjing,南京,2024-02,2,8.60344827586207,0.5758620689655174,4.596551724137932,18,0.6206896551724138,0.034482758620689655,4.952451251553596,17.779310344827586,history_monthly,open-meteo archive,2026-04-08T22:46:44
nanjing,南京,2024-03,3,16.5258064516129,6.451612903225806,11.483870967741936,12,0.3870967741935484,0.0967741935483871,4.6184482801184465,17.84193548387097,history_monthly,open-meteo archive,2026-04-08T22:46:44
nanjing,南京,2024-04,4,21.596666666666668,13.406666666666666,17.51,19,0.6333333333333333,0.5666666666666667,2.3860730977038833,16.506666666666668,history_monthly,open-meteo archive,2026-04-08T22:46:44
nanjing,南京,2024-05,5,25.783870967741933,16.287096774193547,21.029032258064515,11,0.3548387096774194,0.8709677419354839,2.8031165451317555,16.561290322580643,history_monthly,open-meteo archive,2026-04-08T22:46:44
nanjing,南京,2024-06,6,29.096666666666668,21.63,25.37,16,0.5333333333333333,0.6,2.313103602492126,15.533333333333333,history_monthly,open-meteo archive,2026-04-08T22:46:44
nanjing,南京,2024-07,7,32.36451612903225,26.48709677419355,29.432258064516127,15,0.4838709677419355,0.0967741935483871,2.466223441725453,19.583870967741937,history_monthly,open-meteo archive,2026-04-08T22:46:44
nanjing,南京,2024-08,8,34.15806451612904,26.67096774193548,30.4,24,0.7741935483870968,0.0,1.7968490940161528,13.958064516129031,history_monthly,open-meteo archive,2026-04-08T22:46:44
nanjing,南京,2024-09,9,30.13,23.186666666666667,26.67,17,0.5666666666666667,0.36666666666666664,3.1466621615007666,19.68,history_monthly,open-meteo archive,2026-04-08T22:46:44
nanjing,南京,2024-10,10,21.299999999999997,14.106451612903227,17.712903225806453,17,0.5483870967741935,0.3870967741935484,2.6863534063216465,15.774193548387096,history_monthly,open-meteo archive,2026-04-08T22:46:44
nanjing,南京,2024-11,11,17.186666666666667,9.843333333333334,13.520000000000001,9,0.3,0.13333333333333333,3.6942079548657105,14.636666666666667,history_monthly,open-meteo archive,2026-04-08T22:46:44
nanjing,南京,2024-12,12,9.600000000000001,1.467741935483871,5.535483870967742,5,0.16129032258064516,0.0,2.851613389772741,11.129032258064516,history_monthly,open-meteo archive,2026-04-08T22:46:44
nanjing,南京,2025-01,1,10.119354838709677,1.0451612903225806,5.580645161290323,6,0.1935483870967742,0.0,2.7842915741517573,13.0,history_monthly,open-meteo archive,2026-04-08T22:46:44
nanjing,南京,2025-02,2,10.353571428571428,1.5999999999999999,5.971428571428571,10,0.35714285714285715,0.0,3.350937640240873,13.603571428571428,history_monthly,open-meteo archive,2026-04-08T22:46:44
nanjing,南京,2025-03,3,17.183870967741935,7.45483870967742,12.325806451612904,10,0.3225806451612903,0.16129032258064516,5.332414571401056,15.874193548387098,history_monthly,open-meteo archive,2026-04-08T22:46:44
nanjing,南京,2025-04,4,26.303333333333335,14.036666666666667,20.17,9,0.3,0.7666666666666667,3.467797671383837,15.863333333333333,history_monthly,open-meteo archive,2026-04-08T22:46:44
nanjing,南京,2025-05,5,27.587096774193547,18.096774193548388,22.838709677419356,11,0.3548387096774194,0.8064516129032258,2.6760265842419972,16.60967741935484,history_monthly,open-meteo archive,2026-04-08T22:46:44
nanjing,南京,2025-06,6,29.003333333333334,22.09,25.540000000000003,21,0.7,0.5333333333333333,2.568321604096528,14.006666666666666,history_monthly,open-meteo archive,2026-04-08T22:46:44
nanjing,南京,2025-07,7,35.0258064516129,26.693548387096776,30.858064516129033,21,0.6774193548387096,0.03225806451612903,2.145502923721833,17.080645161290324,history_monthly,open-meteo archive,2026-04-08T22:46:44
nanjing,南京,2025-08,8,33.92258064516129,26.703225806451613,30.309677419354838,23,0.7419354838709677,0.0,1.919957436804208,12.103225806451613,history_monthly,open-meteo archive,2026-04-08T22:46:44
nanjing,南京,2025-09,9,29.086666666666666,22.903333333333332,25.993333333333332,25,0.8333333333333334,0.5,2.4157433828852795,12.033333333333333,history_monthly,open-meteo archive,2026-04-08T22:46:44
nanjing,南京,2025-10,10,23.041935483870965,16.980645161290322,20.01290322580645,18,0.5806451612903226,0.3870967741935484,5.328773588452529,13.12258064516129,history_monthly,open-meteo archive,2026-04-08T22:46:44
nanjing,南京,2025-11,11,16.89,8.19,12.553333333333335,6,0.2,0.0,3.3831971548382667,12.729999999999999,history_monthly,open-meteo archive,2026-04-08T22:46:44
nanjing,南京,2025-12,12,11.980645161290322,3.6516129032258067,7.809677419354839,5,0.16129032258064516,0.0,2.816067570059317,13.667741935483871,history_monthly,open-meteo archive,2026-04-08T22:46:44
nanjing,南京,2026-01,1,8.390322580645162,0.15806451612903227,4.267741935483872,13,0.41935483870967744,0.0,4.1025510028740415,13.119354838709677,history_monthly,open-meteo archive,2026-04-08T22:46:44
nanjing,南京,2026-02,2,12.314285714285715,3.2464285714285714,7.7821428571428575,9,0.32142857142857145,0.0,3.8179938082161318,13.582142857142857,history_monthly,open-meteo archive,2026-04-08T22:46:44
nanjing,南京,2026-03,3,14.958064516129031,7.300000000000001,11.129032258064516,14,0.45161290322580644,0.0,2.939409640090689,13.103225806451613,history_monthly,open-meteo archive,2026-04-08T22:46:44
qingdao,青岛,2024-01,1,4.470967741935484,-2.5483870967741935,0.9548387096774194,7,0.22580645161290322,0.0,2.647368342294843,21.490322580645163,history_monthly,open-meteo archive,2026-04-08T22:46:44
qingdao,青岛,2024-02,2,4.93448275862069,-2.103448275862069,1.4172413793103447,11,0.3793103448275862,0.0,3.3139390637467376,24.768965517241377,history_monthly,open-meteo archive,2026-04-08T22:46:44
qingdao,青岛,2024-03,3,11.183870967741935,3.2225806451612904,7.209677419354839,11,0.3548387096774194,0.0,3.656989184079318,24.738709677419354,history_monthly,open-meteo archive,2026-04-08T22:46:44
qingdao,青岛,2024-04,4,17.30666666666667,9.646666666666667,13.476666666666667,7,0.23333333333333334,0.0,2.170918021821934,21.863333333333333,history_monthly,open-meteo archive,2026-04-08T22:46:44
qingdao,青岛,2024-05,5,21.896774193548385,13.983870967741936,17.94516129032258,11,0.3548387096774194,0.4838709677419355,1.673885442053392,24.70967741935484,history_monthly,open-meteo archive,2026-04-08T22:46:44
qingdao,青岛,2024-06,6,26.32,19.466666666666665,22.89333333333333,10,0.3333333333333333,0.9666666666666667,1.933539426193239,21.763333333333332,history_monthly,open-meteo archive,2026-04-08T22:46:44
qingdao,青岛,2024-07,7,28.083870967741937,23.629032258064516,25.85483870967742,21,0.6774193548387096,0.5161290322580645,1.7163602399025337,24.548387096774192,history_monthly,open-meteo archive,2026-04-08T22:46:44
qingdao,青岛,2024-08,8,30.438709677419357,25.43548387096774,27.925806451612903,21,0.6774193548387096,0.0,0.961931301058962,17.84193548387097,history_monthly,open-meteo archive,2026-04-08T22:46:44
qingdao,青岛,2024-09,9,27.326666666666664,20.886666666666667,24.116666666666667,15,0.5,0.6666666666666666,2.5895124468987736,19.706666666666667,history_monthly,open-meteo archive,2026-04-08T22:46:44
qingdao,青岛,2024-10,10,20.161290322580644,12.790322580645162,16.480645161290322,11,0.3548387096774194,0.3225806451612903,2.7969530272350194,20.951612903225808,history_monthly,open-meteo archive,2026-04-08T22:46:44
qingdao,青岛,2024-11,11,14.756666666666666,8.166666666666666,11.46,4,0.13333333333333333,0.0,4.315377475797533,18.456666666666667,history_monthly,open-meteo archive,2026-04-08T22:46:44
qingdao,青岛,2024-12,12,6.45483870967742,0.5741935483870968,3.5290322580645164,0,0.0,0.0,2.3212343768473844,18.299999999999997,history_monthly,open-meteo archive,2026-04-08T22:46:44
qingdao,青岛,2025-01,1,5.387096774193548,-0.7612903225806451,2.3193548387096774,2,0.06451612903225806,0.0,2.5978734065691382,17.638709677419353,history_monthly,open-meteo archive,2026-04-08T22:46:44
qingdao,青岛,2025-02,2,5.107142857142857,-1.0928571428571427,2.0107142857142857,4,0.14285714285714285,0.0,3.1176129621892748,20.142857142857142,history_monthly,open-meteo archive,2026-04-08T22:46:44
qingdao,青岛,2025-03,3,12.825806451612904,4.706451612903226,8.764516129032257,10,0.3225806451612903,0.03225806451612903,4.448261711957214,21.641935483870967,history_monthly,open-meteo archive,2026-04-08T22:46:44
qingdao,青岛,2025-04,4,17.84,10.103333333333333,13.96,9,0.3,0.1,2.8512066411161476,22.826666666666664,history_monthly,open-meteo archive,2026-04-08T22:46:44
qingdao,青岛,2025-05,5,21.338709677419356,14.780645161290321,18.061290322580643,8,0.25806451612903225,0.5806451612903226,2.9344706983662143,20.9,history_monthly,open-meteo archive,2026-04-08T22:46:44
qingdao,青岛,2025-06,6,26.596666666666668,20.35666666666667,23.473333333333336,16,0.5333333333333333,0.9666666666666667,1.7982622518522642,19.05,history_monthly,open-meteo archive,2026-04-08T22:46:44
qingdao,青岛,2025-07,7,31.138709677419353,25.83225806451613,28.48709677419355,16,0.5161290322580645,0.06451612903225806,1.2953099849029373,18.716129032258067,history_monthly,open-meteo archive,2026-04-08T22:46:44
qingdao,青岛,2025-08,8,30.770967741935483,26.39032258064516,28.574193548387097,25,0.8064516129032258,0.06451612903225806,1.4939807544354968,16.799999999999997,history_monthly,open-meteo archive,2026-04-08T22:46:44
qingdao,青岛,2025-09,9,25.886666666666667,20.626666666666665,23.27,19,0.6333333333333333,0.9,2.3700938436243844,15.113333333333333,history_monthly,open-meteo archive,2026-04-08T22:46:44
qingdao,青岛,2025-10,10,19.348387096774193,14.19032258064516,16.770967741935483,18,0.5806451612903226,0.4838709677419355,4.356772012119915,19.190322580645162,history_monthly,open-meteo archive,2026-04-08T22:46:44
qingdao,青岛,2025-11,11,14.82,7.233333333333333,11.023333333333333,3,0.1,0.0,3.200827838321629,18.493333333333332,history_monthly,open-meteo archive,2026-04-08T22:46:44
qingdao,青岛,2025-12,12,7.7,1.261290322580645,4.480645161290322,5,0.16129032258064516,0.0,3.1090640987108116,20.345161290322583,history_monthly,open-meteo archive,2026-04-08T22:46:44
qingdao,青岛,2026-01,1,4.216129032258064,-1.967741935483871,1.1290322580645162,2,0.06451612903225806,0.0,3.0891415796179906,19.11935483870968,history_monthly,open-meteo archive,2026-04-08T22:46:44
qingdao,青岛,2026-02,2,7.921428571428571,0.7285714285714285,4.321428571428571,4,0.14285714285714285,0.0,3.6626601487278836,19.317857142857143,history_monthly,open-meteo archive,2026-04-08T22:46:44
qingdao,青岛,2026-03,3,11.067741935483872,4.438709677419355,7.754838709677419,9,0.2903225806451613,0.0,3.5275901793034685,17.509677419354837,history_monthly,open-meteo archive,2026-04-08T22:46:44
sanya,三亚,2024-01,1,25.596774193548388,19.351612903225806,22.46451612903226,7,0.22580645161290322,1.0,1.5450023488864069,22.56451612903226,history_monthly,open-meteo archive,2026-04-08T22:46:44
sanya,三亚,2024-02,2,26.975862068965515,20.782758620689656,23.875862068965517,17,0.5862068965517241,1.0,1.3497764821347764,18.217241379310344,history_monthly,open-meteo archive,2026-04-08T22:46:44
sanya,三亚,2024-03,3,28.093548387096774,22.506451612903227,25.325806451612905,18,0.5806451612903226,0.6774193548387096,1.3664961865870642,17.074193548387097,history_monthly,open-meteo archive,2026-04-08T22:46:44
sanya,三亚,2024-04,4,30.8,26.183333333333334,28.496666666666666,23,0.7666666666666667,0.0,0.8015000304744688,16.37333333333333,history_monthly,open-meteo archive,2026-04-08T22:46:44
sanya,三亚,2024-05,5,30.83225806451613,26.174193548387095,28.503225806451614,29,0.9354838709677419,0.0,0.8689011723503586,15.44516129032258,history_monthly,open-meteo archive,2026-04-08T22:46:44
sanya,三亚,2024-06,6,31.029999999999998,27.153333333333332,29.09333333333333,30,1.0,0.0,1.092587354144639,15.416666666666666,history_monthly,open-meteo archive,2026-04-08T22:46:44
sanya,三亚,2024-07,7,30.345161290322583,26.37741935483871,28.361290322580647,31,1.0,0.0,0.8487942111626504,19.32903225806452,history_monthly,open-meteo archive,2026-04-08T22:46:44
sanya,三亚,2024-08,8,31.496774193548386,26.77741935483871,29.138709677419353,25,0.8064516129032258,0.0,0.6200416219119693,14.47741935483871,history_monthly,open-meteo archive,2026-04-08T22:46:44
sanya,三亚,2024-09,9,30.273333333333333,25.533333333333335,27.89333333333333,24,0.8,0.03333333333333333,1.0170726530632883,17.236666666666668,history_monthly,open-meteo archive,2026-04-08T22:46:44
sanya,三亚,2024-10,10,29.53548387096774,24.1,26.82903225806452,25,0.8064516129032258,0.22580645161290322,1.181861116597348,20.138709677419353,history_monthly,open-meteo archive,2026-04-08T22:46:44
sanya,三亚,2024-11,11,27.783333333333335,22.136666666666667,24.959999999999997,12,0.4,0.8333333333333334,1.3319935797712106,19.596666666666668,history_monthly,open-meteo archive,2026-04-08T22:46:44
sanya,三亚,2024-12,12,25.4741935483871,19.13225806451613,22.293548387096774,6,0.1935483870967742,1.0,1.6992028491562292,21.270967741935483,history_monthly,open-meteo archive,2026-04-08T22:46:44
sanya,三亚,2025-01,1,24.741935483870968,16.903225806451612,20.816129032258065,11,0.3548387096774194,0.967741935483871,1.304631946615225,19.6,history_monthly,open-meteo archive,2026-04-08T22:46:44
sanya,三亚,2025-02,2,25.807142857142857,18.989285714285717,22.392857142857142,6,0.21428571428571427,1.0,1.3991872168244186,22.460714285714285,history_monthly,open-meteo archive,2026-04-08T22:46:44
sanya,三亚,2025-03,3,27.07741935483871,20.438709677419357,23.75483870967742,10,0.3225806451612903,0.9032258064516129,1.8139898400445753,17.51290322580645,history_monthly,open-meteo archive,2026-04-08T22:46:44
sanya,三亚,2025-04,4,29.10666666666667,22.896666666666665,26.013333333333332,17,0.5666666666666667,0.5,2.0137002025493094,14.423333333333334,history_monthly,open-meteo archive,2026-04-08T22:46:44
sanya,三亚,2025-05,5,31.251612903225805,25.67096774193548,28.4741935483871,29,0.9354838709677419,0.03225806451612903,1.0519720344620958,15.293548387096775,history_monthly,open-meteo archive,2026-04-08T22:46:44
sanya,三亚,2025-06,6,30.990000000000002,26.61,28.796666666666667,28,0.9333333333333333,0.03333333333333333,1.0675409491728751,18.783333333333335,history_monthly,open-meteo archive,2026-04-08T22:46:44
sanya,三亚,2025-07,7,30.451612903225808,26.177419354838708,28.316129032258065,31,1.0,0.0,0.9963589628219823,21.261290322580646,history_monthly,open-meteo archive,2026-04-08T22:46:44
sanya,三亚,2025-08,8,30.76451612903226,26.074193548387097,28.425806451612903,31,1.0,0.06451612903225806,1.608719520184812,20.280645161290323,history_monthly,open-meteo archive,2026-04-08T22:46:44
sanya,三亚,2025-09,9,29.990000000000002,25.19333333333333,27.586666666666666,29,0.9666666666666667,0.03333333333333333,0.5763938627860916,17.35,history_monthly,open-meteo archive,2026-04-08T22:46:44
sanya,三亚,2025-10,10,29.038709677419355,24.080645161290324,26.55806451612903,29,0.9354838709677419,0.25806451612903225,1.4244938735210229,20.041935483870965,history_monthly,open-meteo archive,2026-04-08T22:46:44
sanya,三亚,2025-11,11,27.19333333333333,21.423333333333336,24.316666666666666,18,0.6,0.7666666666666667,2.102557282557784,20.293333333333333,history_monthly,open-meteo archive,2026-04-08T22:46:44
sanya,三亚,2025-12,12,26.703225806451613,20.40967741935484,23.551612903225806,8,0.25806451612903225,1.0,1.1916014344127945,20.761290322580646,history_monthly,open-meteo archive,2026-04-08T22:46:44
sanya,三亚,2026-01,1,25.096774193548388,17.24516129032258,21.17096774193548,5,0.16129032258064516,1.0,1.3359624616450614,19.541935483870965,history_monthly,open-meteo archive,2026-04-08T22:46:44
sanya,三亚,2026-02,2,26.860714285714288,20.135714285714283,23.5,5,0.17857142857142858,1.0,1.0967966826002744,19.532142857142855,history_monthly,open-meteo archive,2026-04-08T22:46:44
sanya,三亚,2026-03,3,28.24516129032258,21.561290322580643,24.893548387096775,14,0.45161290322580644,0.7741935483870968,1.2225480178356896,18.938709677419357,history_monthly,open-meteo archive,2026-04-08T22:46:44
shanghai,上海,2024-01,1,9.816129032258065,0.7032258064516129,5.264516129032257,10,0.3225806451612903,0.0,3.8091598712486694,17.67096774193548,history_monthly,open-meteo archive,2026-04-08T22:46:44
shanghai,上海,2024-02,2,10.03103448275862,2.9551724137931035,6.496551724137931,19,0.6551724137931034,0.0,4.13896836340899,20.73793103448276,history_monthly,open-meteo archive,2026-04-08T22:46:44
shanghai,上海,2024-03,3,16.39677419354839,6.219354838709678,11.30967741935484,15,0.4838709677419355,0.12903225806451613,4.537940416731632,20.093548387096774,history_monthly,open-meteo archive,2026-04-08T22:46:44
shanghai,上海,2024-04,4,20.17,12.393333333333334,16.28666666666667,22,0.7333333333333333,0.3,2.2347927981302234,18.85,history_monthly,open-meteo archive,2026-04-08T22:46:44
shanghai,上海,2024-05,5,24.65806451612903,15.383870967741935,20.029032258064515,14,0.45161290322580644,0.7096774193548387,2.7753910893646565,18.96451612903226,history_monthly,open-meteo archive,2026-04-08T22:46:44
shanghai,上海,2024-06,6,27.5,20.08,23.796666666666667,22,0.7333333333333333,0.8666666666666667,2.300597123886922,17.35666666666667,history_monthly,open-meteo archive,2026-04-08T22:46:44
shanghai,上海,2024-07,7,33.89032258064516,26.406451612903226,30.148387096774194,15,0.4838709677419355,0.06451612903225806,1.883767672819898,21.383870967741935,history_monthly,open-meteo archive,2026-04-08T22:46:44
shanghai,上海,2024-08,8,36.00967741935484,26.951612903225808,31.477419354838712,21,0.6774193548387096,0.0,1.62228433130968,16.893548387096775,history_monthly,open-meteo archive,2026-04-08T22:46:44
shanghai,上海,2024-09,9,30.673333333333336,24.45,27.57,22,0.7333333333333333,0.3,2.6933058778616545,21.126666666666665,history_monthly,open-meteo archive,2026-04-08T22:46:44
shanghai,上海,2024-10,10,23.032258064516128,16.887096774193548,19.958064516129035,20,0.6451612903225806,0.7419354838709677,2.489280243169149,20.761290322580646,history_monthly,open-meteo archive,2026-04-08T22:46:44
shanghai,上海,2024-11,11,17.89333333333333,11.68,14.796666666666665,9,0.3,0.3,3.930735066233739,15.983333333333333,history_monthly,open-meteo archive,2026-04-08T22:46:44
shanghai,上海,2024-12,12,10.658064516129032,3.8,7.235483870967742,6,0.1935483870967742,0.0,3.022862703585987,11.36774193548387,history_monthly,open-meteo archive,2026-04-08T22:46:44
shanghai,上海,2025-01,1,10.845161290322581,2.529032258064516,6.687096774193549,4,0.12903225806451613,0.0,3.161196180296721,12.041935483870969,history_monthly,open-meteo archive,2026-04-08T22:46:44
shanghai,上海,2025-02,2,9.710714285714285,2.282142857142857,6.003571428571428,12,0.42857142857142855,0.0,3.3034754025797946,13.282142857142857,history_monthly,open-meteo archive,2026-04-08T22:46:44
shanghai,上海,2025-03,3,16.793548387096774,8.17741935483871,12.474193548387097,16,0.5161290322580645,0.22580645161290322,5.9170920640652245,14.63225806451613,history_monthly,open-meteo archive,2026-04-08T22:46:44
shanghai,上海,2025-04,4,25.166666666666668,13.196666666666665,19.173333333333336,8,0.26666666666666666,0.6666666666666666,3.7255810315960796,14.973333333333333,history_monthly,open-meteo archive,2026-04-08T22:46:44
shanghai,上海,2025-05,5,26.5,17.606451612903225,22.05483870967742,10,0.3225806451612903,0.9032258064516129,2.4986447939736474,15.35483870967742,history_monthly,open-meteo archive,2026-04-08T22:46:44
shanghai,上海,2025-06,6,28.596666666666668,22.07,25.34,23,0.7666666666666667,0.5666666666666667,3.0280982993200243,12.233333333333333,history_monthly,open-meteo archive,2026-04-08T22:46:44
shanghai,上海,2025-07,7,33.15161290322581,26.416129032258063,29.774193548387096,26,0.8387096774193549,0.0,1.8101505907769997,17.84193548387097,history_monthly,open-meteo archive,2026-04-08T22:46:44
shanghai,上海,2025-08,8,35.519354838709674,27.59032258064516,31.551612903225806,21,0.6774193548387096,0.0,1.4403404615441757,13.229032258064517,history_monthly,open-meteo archive,2026-04-08T22:46:44
shanghai,上海,2025-09,9,31.823333333333334,25.033333333333335,28.433333333333334,27,0.9,0.1,1.791037713716275,11.266666666666667,history_monthly,open-meteo archive,2026-04-08T22:46:44
shanghai,上海,2025-10,10,26.0,19.90967741935484,22.948387096774194,19,0.6129032258064516,0.3548387096774194,4.952499097610013,13.219354838709679,history_monthly,open-meteo archive,2026-04-08T22:46:44
shanghai,上海,2025-11,11,18.19,10.036666666666667,14.110000000000001,8,0.26666666666666666,0.1,3.669665962436099,11.843333333333334,history_monthly,open-meteo archive,2026-04-08T22:46:44
shanghai,上海,2025-12,12,13.980645161290322,5.893548387096774,9.935483870967742,4,0.12903225806451613,0.0,3.3549514042279633,13.316129032258065,history_monthly,open-meteo archive,2026-04-08T22:46:44
shanghai,上海,2026-01,1,9.896774193548387,2.1806451612903226,6.035483870967742,9,0.2903225806451613,0.0,3.7301964547993784,13.509677419354839,history_monthly,open-meteo archive,2026-04-08T22:46:44
shanghai,上海,2026-02,2,12.617857142857144,4.521428571428571,8.571428571428571,12,0.42857142857142855,0.0,4.120127393109312,12.989285714285714,history_monthly,open-meteo archive,2026-04-08T22:46:44
shanghai,上海,2026-03,3,14.887096774193548,7.645161290322581,11.264516129032257,17,0.5483870967741935,0.0,2.684715799620359,12.425806451612903,history_monthly,open-meteo archive,2026-04-08T22:46:44
xiamen,厦门,2024-01,1,19.106451612903225,10.306451612903226,14.706451612903226,10,0.3225806451612903,0.0967741935483871,2.736900373764815,21.006451612903227,history_monthly,open-meteo archive,2026-04-08T22:46:44
xiamen,厦门,2024-02,2,20.096551724137928,11.89310344827586,15.993103448275862,17,0.5862068965517241,0.20689655172413793,3.221571381715402,21.79310344827586,history_monthly,open-meteo archive,2026-04-08T22:46:44
xiamen,厦门,2024-03,3,22.177419354838708,13.83548387096774,18.0,18,0.5806451612903226,0.45161290322580644,3.974250453439826,21.69677419354839,history_monthly,open-meteo archive,2026-04-08T22:46:44
xiamen,厦门,2024-04,4,25.956666666666667,19.633333333333333,22.793333333333333,24,0.8,0.9,2.3700623203407223,20.59333333333333,history_monthly,open-meteo archive,2026-04-08T22:46:44
xiamen,厦门,2024-05,5,26.58709677419355,20.483870967741936,23.532258064516128,20,0.6451612903225806,0.9354838709677419,1.5291363786517314,19.20967741935484,history_monthly,open-meteo archive,2026-04-08T22:46:44
xiamen,厦门,2024-06,6,29.55666666666667,24.55,27.063333333333333,27,0.9,0.3,2.3602284128701534,19.93,history_monthly,open-meteo archive,2026-04-08T22:46:44
xiamen,厦门,2024-07,7,33.725806451612904,27.219354838709677,30.4741935483871,24,0.7741935483870968,0.0,1.473989539070859,23.903225806451612,history_monthly,open-meteo archive,2026-04-08T22:46:44
xiamen,厦门,2024-08,8,31.79032258064516,26.174193548387095,28.990322580645163,28,0.9032258064516129,0.0,1.305974690594394,16.14193548387097,history_monthly,open-meteo archive,2026-04-08T22:46:44
xiamen,厦门,2024-09,9,31.09333333333333,25.40666666666667,28.246666666666666,28,0.9333333333333333,0.1,1.7071317613396784,19.39,history_monthly,open-meteo archive,2026-04-08T22:46:44
xiamen,厦门,2024-10,10,30.461290322580645,22.62258064516129,26.538709677419355,9,0.2903225806451613,0.41935483870967744,1.4845150542303567,24.748387096774195,history_monthly,open-meteo archive,2026-04-08T22:46:44
xiamen,厦门,2024-11,11,26.05666666666667,18.44333333333333,22.246666666666666,11,0.36666666666666664,0.7333333333333333,3.410302174227416,23.266666666666666,history_monthly,open-meteo archive,2026-04-08T22:46:44
xiamen,厦门,2024-12,12,21.15806451612903,11.970967741935485,16.580645161290324,3,0.0967741935483871,0.2903225806451613,2.7569813631142206,20.970967741935485,history_monthly,open-meteo archive,2026-04-08T22:46:44
xiamen,厦门,2025-01,1,19.687096774193545,10.116129032258065,14.893548387096773,3,0.0967741935483871,0.0,1.8282843476642192,20.364516129032257,history_monthly,open-meteo archive,2026-04-08T22:46:44
xiamen,厦门,2025-02,2,18.107142857142858,10.457142857142857,14.292857142857143,13,0.4642857142857143,0.0,1.8073775910455891,18.417857142857144,history_monthly,open-meteo archive,2026-04-08T22:46:44
xiamen,厦门,2025-03,3,21.258064516129032,12.970967741935485,17.125806451612902,17,0.5483870967741935,0.45161290322580644,3.5117866053179148,19.151612903225807,history_monthly,open-meteo archive,2026-04-08T22:46:44
xiamen,厦门,2025-04,4,25.526666666666664,17.23,21.376666666666665,16,0.5333333333333333,0.8333333333333334,3.0270827350862874,16.573333333333334,history_monthly,open-meteo archive,2026-04-08T22:46:44
xiamen,厦门,2025-05,5,29.306451612903224,21.758064516129032,25.52258064516129,21,0.6774193548387096,0.6129032258064516,2.822376029449815,16.59032258064516,history_monthly,open-meteo archive,2026-04-08T22:46:44
xiamen,厦门,2025-06,6,31.676666666666666,25.173333333333336,28.433333333333334,19,0.6333333333333333,0.13333333333333333,1.833469169471441,18.976666666666667,history_monthly,open-meteo archive,2026-04-08T22:46:44
xiamen,厦门,2025-07,7,32.774193548387096,26.451612903225808,29.61935483870968,28,0.9032258064516129,0.06451612903225806,1.9870278231299303,18.44516129032258,history_monthly,open-meteo archive,2026-04-08T22:46:44
xiamen,厦门,2025-08,8,32.038709677419355,25.712903225806453,28.88064516129032,25,0.8064516129032258,0.03225806451612903,1.108277749434895,18.009677419354837,history_monthly,open-meteo archive,2026-04-08T22:46:44
xiamen,厦门,2025-09,9,32.49666666666666,25.653333333333332,29.08,24,0.8,0.03333333333333333,1.271274136854236,16.563333333333336,history_monthly,open-meteo archive,2026-04-08T22:46:44
xiamen,厦门,2025-10,10,32.18064516129032,24.35483870967742,28.274193548387096,17,0.5483870967741935,0.2903225806451613,3.0839333911889746,19.79032258064516,history_monthly,open-meteo archive,2026-04-08T22:46:44
xiamen,厦门,2025-11,11,25.58,17.65666666666667,21.616666666666667,8,0.26666666666666666,0.8,3.1407316667138008,20.903333333333332,history_monthly,open-meteo archive,2026-04-08T22:46:44
xiamen,厦门,2025-12,12,22.25483870967742,13.44516129032258,17.845161290322583,8,0.25806451612903225,0.4838709677419355,2.0566702392747054,18.361290322580647,history_monthly,open-meteo archive,2026-04-08T22:46:44
xiamen,厦门,2026-01,1,19.72258064516129,10.312903225806451,15.009677419354839,6,0.1935483870967742,0.12903225806451613,2.3302867976152175,18.751612903225805,history_monthly,open-meteo archive,2026-04-08T22:46:44
xiamen,厦门,2026-02,2,21.292857142857144,12.607142857142858,16.95,8,0.2857142857142857,0.35714285714285715,2.5099062989740526,19.25357142857143,history_monthly,open-meteo archive,2026-04-08T22:46:44
xiamen,厦门,2026-03,3,22.883870967741935,14.016129032258064,18.458064516129035,17,0.5483870967741935,0.4838709677419355,2.56745972945353,19.30322580645161,history_monthly,open-meteo archive,2026-04-08T22:46:44
xian,西安,2024-01,1,6.267741935483872,-3.803225806451613,1.2322580645161292,4,0.12903225806451613,0.0,2.6597477445269373,12.390322580645162,history_monthly,open-meteo archive,2026-04-08T22:46:44
xian,西安,2024-02,2,7.8517241379310345,-1.5862068965517242,3.127586206896552,16,0.5517241379310345,0.0,3.435206019162267,14.10344827586207,history_monthly,open-meteo archive,2026-04-08T22:46:44
xian,西安,2024-03,3,18.68064516129032,5.725806451612903,12.203225806451613,9,0.2903225806451613,0.16129032258064516,4.464712299127291,15.09032258064516,history_monthly,open-meteo archive,2026-04-08T22:46:44
xian,西安,2024-04,4,25.706666666666667,13.229999999999999,19.46333333333333,11,0.36666666666666664,0.7,2.979525920787346,16.24,history_monthly,open-meteo archive,2026-04-08T22:46:44
xian,西安,2024-05,5,30.20967741935484,16.822580645161292,23.51290322580645,5,0.16129032258064516,0.5483870967741935,4.143890437377569,16.503225806451614,history_monthly,open-meteo archive,2026-04-08T22:46:44
xian,西安,2024-06,6,33.39666666666667,21.013333333333332,27.2,10,0.3333333333333333,0.36666666666666664,3.618248766728323,16.68,history_monthly,open-meteo archive,2026-04-08T22:46:44
xian,西安,2024-07,7,30.94193548387097,23.193548387096776,27.067741935483873,21,0.6774193548387096,0.25806451612903225,1.531750000658114,12.53225806451613,history_monthly,open-meteo archive,2026-04-08T22:46:44
xian,西安,2024-08,8,34.064516129032256,23.88064516129032,28.961290322580645,13,0.41935483870967744,0.0,1.8796590859966842,15.429032258064517,history_monthly,open-meteo archive,2026-04-08T22:46:44
xian,西安,2024-09,9,32.10333333333333,21.543333333333333,26.81,12,0.4,0.3,3.617042991173867,21.313333333333333,history_monthly,open-meteo archive,2026-04-08T22:46:44
xian,西安,2024-10,10,21.31935483870968,11.819354838709677,16.55806451612903,11,0.3548387096774194,0.3225806451612903,3.152223997280691,14.187096774193549,history_monthly,open-meteo archive,2026-04-08T22:46:44
xian,西安,2024-11,11,14.156666666666666,6.760000000000001,10.45,10,0.3333333333333333,0.0,3.6384678473035956,13.073333333333332,history_monthly,open-meteo archive,2026-04-08T22:46:44
xian,西安,2024-12,12,6.709677419354839,-1.270967741935484,2.7096774193548385,3,0.0967741935483871,0.0,2.0624184571694264,11.061290322580644,history_monthly,open-meteo archive,2026-04-08T22:46:44
xian,西安,2025-01,1,6.241935483870968,-2.754838709677419,1.7516129032258063,6,0.1935483870967742,0.0,2.9984296965513946,11.541935483870969,history_monthly,open-meteo archive,2026-04-08T22:46:44
xian,西安,2025-02,2,8.985714285714286,-0.8107142857142857,4.089285714285714,4,0.14285714285714285,0.0,2.7604802703064775,12.071428571428571,history_monthly,open-meteo archive,2026-04-08T22:46:44
xian,西安,2025-03,3,17.551612903225806,5.087096774193548,11.319354838709677,7,0.22580645161290322,0.12903225806451613,4.520945281305575,14.54516129032258,history_monthly,open-meteo archive,2026-04-08T22:46:44
xian,西安,2025-04,4,28.35,13.983333333333333,21.166666666666668,5,0.16666666666666666,0.7,3.6985862474579494,18.366666666666667,history_monthly,open-meteo archive,2026-04-08T22:46:44
xian,西安,2025-05,5,31.14516129032258,17.58709677419355,24.36774193548387,9,0.2903225806451613,0.7096774193548387,3.464619949987222,18.125806451612902,history_monthly,open-meteo archive,2026-04-08T22:46:44
xian,西安,2025-06,6,33.89666666666667,21.586666666666666,27.75,11,0.36666666666666664,0.26666666666666666,3.2021275255141193,14.656666666666666,history_monthly,open-meteo archive,2026-04-08T22:46:44
xian,西安,2025-07,7,36.76129032258064,26.009677419354837,31.383870967741935,12,0.3870967741935484,0.03225806451612903,3.085136061202006,15.86774193548387,history_monthly,open-meteo archive,2026-04-08T22:46:44
xian,西安,2025-08,8,34.49032258064516,24.774193548387096,29.638709677419353,19,0.6129032258064516,0.12903225806451613,3.8614053934938277,14.396774193548387,history_monthly,open-meteo archive,2026-04-08T22:46:44
xian,西安,2025-09,9,23.85666666666667,16.96333333333333,20.413333333333334,21,0.7,0.7666666666666667,3.0849728477353517,12.973333333333333,history_monthly,open-meteo archive,2026-04-08T22:46:44
xian,西安,2025-10,10,17.74516129032258,12.180645161290323,14.96774193548387,20,0.6451612903225806,0.16129032258064516,3.0330828208028637,11.32258064516129,history_monthly,open-meteo archive,2026-04-08T22:46:44
xian,西安,2025-11,11,14.44,5.04,9.733333333333333,3,0.1,0.0,3.3913005676627788,12.043333333333333,history_monthly,open-meteo archive,2026-04-08T22:46:44
xian,西安,2025-12,12,8.66451612903226,-0.43870967741935485,4.12258064516129,5,0.16129032258064516,0.0,2.1923670126782078,11.787096774193548,history_monthly,open-meteo archive,2026-04-08T22:46:44
xian,西安,2026-01,1,6.193548387096774,-2.2129032258064516,1.9838709677419355,8,0.25806451612903225,0.0,2.5307570374881307,12.17741935483871,history_monthly,open-meteo archive,2026-04-08T22:46:44
xian,西安,2026-02,2,12.696428571428571,1.6321428571428573,7.153571428571429,6,0.21428571428571427,0.0,3.293706922451555,12.560714285714285,history_monthly,open-meteo archive,2026-04-08T22:46:44
xian,西安,2026-03,3,14.906451612903227,5.793548387096774,10.348387096774195,11,0.3548387096774194,0.0,3.4346150650635203,13.432258064516128,history_monthly,open-meteo archive,2026-04-08T22:46:44
